{"cameraMode":{"drawMode":0,"name":"Shaded","section":"Shading Mode"},"sceneLighting":true,"audioPlay":false,"sceneViewState":{"showFog":true,"showMaterialUpdate":false,"showSkybox":true,"showFlares":true,"showImageEffects":true,"showParticleSystems":true},"in2DMode":false,"pivot":{"x":33.98190689086914,"y":0.8310126066207886,"z":23.468250274658204},"rotation":{"x":0.05963612720370293,"y":0.9291412830352783,"z":-0.3216935098171234,"w":0.172245591878891},"size":1.2172120809555054,"orthographic":false}